File Name,Prediction
1184.jpeg,10
213.jpeg,39
981.jpeg,41
172.jpeg,3
691.jpeg,0
1069.jpeg,13
1451.jpeg,49
1502.jpeg,2
1364.jpeg,43
1114.jpeg,12
1045.jpeg,39
631.jpeg,2
1040.jpeg,10
233.jpeg,44
131.jpeg,26
453.jpeg,48
986.jpeg,10
1469.jpeg,8
634.jpeg,29
519.jpeg,21
289.jpeg,15
1352.jpeg,0
781.jpeg,42
650.jpeg,5
410.jpeg,12
1003.jpeg,13
786.jpeg,32
288.jpeg,6
1354.jpeg,25
372.jpeg,8
1215.jpeg,17
1298.jpeg,3
548.jpeg,24
1418.jpeg,46
125.jpeg,5
385.jpeg,7
115.jpeg,8
55.jpeg,46
1338.jpeg,49
266.jpeg,41
1201.jpeg,19
294.jpeg,11
339.jpeg,10
1019.jpeg,44
249.jpeg,30
560.jpeg,43
1031.jpeg,6
296.jpeg,4
860.jpeg,22
3.jpeg,6
1161.jpeg,25
204.jpeg,7
587.jpeg,3
520.jpeg,45
1232.jpeg,14
1039.jpeg,42
1073.jpeg,29
720.jpeg,11
1027.jpeg,29
1424.jpeg,28
1459.jpeg,48
327.jpeg,1
1053.jpeg,25
397.jpeg,39
929.jpeg,42
1168.jpeg,14
936.jpeg,39
246.jpeg,48
985.jpeg,26
1289.jpeg,14
590.jpeg,19
1321.jpeg,35
237.jpeg,46
40.jpeg,5
988.jpeg,0
123.jpeg,29
1057.jpeg,9
1262.jpeg,8
1305.jpeg,43
540.jpeg,7
356.jpeg,42
675.jpeg,29
794.jpeg,35
160.jpeg,19
864.jpeg,32
1419.jpeg,3
1446.jpeg,46
402.jpeg,26
1000.jpeg,29
201.jpeg,24
13.jpeg,32
1429.jpeg,12
1308.jpeg,40
268.jpeg,23
623.jpeg,17
25.jpeg,17
60.jpeg,27
61.jpeg,2
1466.jpeg,10
62.jpeg,49
216.jpeg,26
1414.jpeg,34
274.jpeg,1
192.jpeg,8
1087.jpeg,6
785.jpeg,30
14.jpeg,32
1012.jpeg,34
30.jpeg,6
810.jpeg,15
1067.jpeg,26
487.jpeg,33
490.jpeg,48
899.jpeg,33
645.jpeg,49
717.jpeg,43
106.jpeg,33
283.jpeg,23
596.jpeg,9
1097.jpeg,0
39.jpeg,35
171.jpeg,47
118.jpeg,33
499.jpeg,22
833.jpeg,31
439.jpeg,25
1499.jpeg,19
355.jpeg,35
797.jpeg,49
731.jpeg,29
17.jpeg,24
1312.jpeg,36
462.jpeg,48
141.jpeg,24
243.jpeg,20
515.jpeg,27
498.jpeg,46
314.jpeg,19
672.jpeg,16
1068.jpeg,33
799.jpeg,12
812.jpeg,46
479.jpeg,35
1054.jpeg,47
1449.jpeg,7
199.jpeg,44
523.jpeg,33
425.jpeg,39
879.jpeg,49
1150.jpeg,32
1303.jpeg,36
1016.jpeg,36
9.jpeg,24
842.jpeg,11
1133.jpeg,37
866.jpeg,5
1101.jpeg,29
138.jpeg,42
209.jpeg,30
379.jpeg,46
349.jpeg,30
851.jpeg,3
713.jpeg,28
615.jpeg,43
1075.jpeg,36
72.jpeg,30
282.jpeg,19
772.jpeg,27
155.jpeg,41
333.jpeg,5
1082.jpeg,4
892.jpeg,30
530.jpeg,13
863.jpeg,40
169.jpeg,19
224.jpeg,25
819.jpeg,42
1351.jpeg,35
1086.jpeg,49
210.jpeg,47
593.jpeg,14
36.jpeg,13
1340.jpeg,26
1084.jpeg,29
770.jpeg,4
100.jpeg,10
602.jpeg,4
434.jpeg,34
276.jpeg,5
29.jpeg,25
1156.jpeg,32
700.jpeg,4
1458.jpeg,45
573.jpeg,36
513.jpeg,45
584.jpeg,27
570.jpeg,27
489.jpeg,27
854.jpeg,13
365.jpeg,14
1030.jpeg,16
752.jpeg,9
1275.jpeg,39
384.jpeg,36
862.jpeg,24
1375.jpeg,15
12.jpeg,19
1213.jpeg,47
235.jpeg,3
335.jpeg,21
756.jpeg,8
803.jpeg,45
734.jpeg,14
488.jpeg,19
757.jpeg,43
1206.jpeg,14
1412.jpeg,41
1139.jpeg,3
920.jpeg,26
1021.jpeg,5
92.jpeg,22
198.jpeg,2
290.jpeg,3
1462.jpeg,42
1004.jpeg,35
989.jpeg,5
264.jpeg,2
1327.jpeg,5
1407.jpeg,11
817.jpeg,11
1160.jpeg,7
671.jpeg,19
326.jpeg,19
15.jpeg,37
805.jpeg,9
448.jpeg,34
1441.jpeg,20
287.jpeg,41
738.jpeg,33
567.jpeg,27
1141.jpeg,19
484.jpeg,7
285.jpeg,20
1098.jpeg,35
1094.jpeg,7
1042.jpeg,45
376.jpeg,25
105.jpeg,8
502.jpeg,26
966.jpeg,35
1127.jpeg,43
1493.jpeg,37
904.jpeg,36
99.jpeg,46
839.jpeg,7
414.jpeg,16
239.jpeg,13
1428.jpeg,40
1022.jpeg,45
932.jpeg,33
678.jpeg,34
1297.jpeg,16
1372.jpeg,27
388.jpeg,13
1385.jpeg,35
1410.jpeg,37
1383.jpeg,41
976.jpeg,15
1476.jpeg,28
1334.jpeg,23
565.jpeg,48
337.jpeg,19
1363.jpeg,40
674.jpeg,0
604.jpeg,15
317.jpeg,24
1090.jpeg,30
156.jpeg,42
252.jpeg,3
215.jpeg,1
1370.jpeg,13
508.jpeg,7
143.jpeg,43
315.jpeg,11
260.jpeg,4
308.jpeg,33
869.jpeg,36
1110.jpeg,37
420.jpeg,33
1055.jpeg,40
841.jpeg,36
1315.jpeg,5
1394.jpeg,27
818.jpeg,33
1265.jpeg,10
306.jpeg,30
1028.jpeg,6
694.jpeg,25
660.jpeg,30
711.jpeg,44
1367.jpeg,30
450.jpeg,43
1046.jpeg,17
659.jpeg,34
21.jpeg,29
732.jpeg,0
898.jpeg,12
620.jpeg,19
997.jpeg,40
629.jpeg,37
1106.jpeg,13
278.jpeg,32
292.jpeg,3
588.jpeg,27
1381.jpeg,45
284.jpeg,42
406.jpeg,7
163.jpeg,20
536.jpeg,39
1376.jpeg,41
1134.jpeg,18
157.jpeg,34
1229.jpeg,28
1278.jpeg,35
1050.jpeg,42
1319.jpeg,15
1203.jpeg,39
302.jpeg,20
890.jpeg,4
1059.jpeg,47
1146.jpeg,12
549.jpeg,7
579.jpeg,30
1393.jpeg,13
1180.jpeg,9
1167.jpeg,19
390.jpeg,17
636.jpeg,11
7.jpeg,0
1330.jpeg,26
1188.jpeg,16
1254.jpeg,3
1481.jpeg,48
380.jpeg,3
668.jpeg,18
166.jpeg,41
977.jpeg,36
1196.jpeg,4
1243.jpeg,43
383.jpeg,48
1284.jpeg,0
342.jpeg,20
443.jpeg,23
774.jpeg,14
88.jpeg,23
1214.jpeg,32
1034.jpeg,27
511.jpeg,1
214.jpeg,12
1474.jpeg,49
145.jpeg,29
1130.jpeg,24
70.jpeg,2
1228.jpeg,40
1002.jpeg,24
581.jpeg,29
1447.jpeg,3
979.jpeg,27
545.jpeg,28
478.jpeg,11
893.jpeg,22
1143.jpeg,38
996.jpeg,46
1095.jpeg,23
505.jpeg,9
845.jpeg,24
1470.jpeg,28
655.jpeg,46
1198.jpeg,6
133.jpeg,0
544.jpeg,16
677.jpeg,0
884.jpeg,24
174.jpeg,32
1269.jpeg,14
1047.jpeg,11
912.jpeg,19
829.jpeg,42
153.jpeg,30
1217.jpeg,43
459.jpeg,2
773.jpeg,24
1486.jpeg,16
1096.jpeg,42
949.jpeg,20
982.jpeg,6
1387.jpeg,45
728.jpeg,29
359.jpeg,34
1391.jpeg,37
1283.jpeg,43
710.jpeg,45
18.jpeg,41
970.jpeg,12
637.jpeg,5
258.jpeg,48
646.jpeg,6
71.jpeg,27
792.jpeg,34
871.jpeg,45
1211.jpeg,35
435.jpeg,20
934.jpeg,8
1052.jpeg,47
956.jpeg,15
1404.jpeg,4
114.jpeg,48
1362.jpeg,6
622.jpeg,44
1204.jpeg,28
444.jpeg,48
393.jpeg,36
648.jpeg,49
948.jpeg,37
1373.jpeg,36
1300.jpeg,34
832.jpeg,48
528.jpeg,29
152.jpeg,30
1344.jpeg,8
111.jpeg,11
1182.jpeg,24
1136.jpeg,9
1007.jpeg,4
269.jpeg,20
1241.jpeg,9
1401.jpeg,40
533.jpeg,21
883.jpeg,42
1112.jpeg,33
922.jpeg,10
983.jpeg,9
887.jpeg,40
1220.jpeg,9
1293.jpeg,11
938.jpeg,49
676.jpeg,39
64.jpeg,5
468.jpeg,0
809.jpeg,31
1360.jpeg,22
594.jpeg,48
364.jpeg,10
1491.jpeg,48
1357.jpeg,2
328.jpeg,22
51.jpeg,32
218.jpeg,7
852.jpeg,7
129.jpeg,35
167.jpeg,42
1070.jpeg,5
1191.jpeg,49
231.jpeg,23
312.jpeg,5
539.jpeg,48
827.jpeg,45
299.jpeg,26
702.jpeg,36
362.jpeg,36
701.jpeg,4
1244.jpeg,47
291.jpeg,10
191.jpeg,41
1187.jpeg,49
442.jpeg,34
1165.jpeg,43
1129.jpeg,13
532.jpeg,24
1104.jpeg,11
270.jpeg,28
1374.jpeg,39
1413.jpeg,8
933.jpeg,13
1348.jpeg,49
1144.jpeg,4
1453.jpeg,14
1235.jpeg,19
1202.jpeg,5
386.jpeg,38
768.jpeg,1
102.jpeg,32
927.jpeg,15
1024.jpeg,5
35.jpeg,28
1138.jpeg,9
1316.jpeg,4
859.jpeg,42
1132.jpeg,48
465.jpeg,16
52.jpeg,16
800.jpeg,41
974.jpeg,33
234.jpeg,43
34.jpeg,7
343.jpeg,42
1234.jpeg,24
1267.jpeg,24
564.jpeg,19
1013.jpeg,40
85.jpeg,10
557.jpeg,9
16.jpeg,5
626.jpeg,32
1306.jpeg,47
1081.jpeg,29
568.jpeg,9
421.jpeg,24
601.jpeg,25
846.jpeg,7
463.jpeg,9
613.jpeg,15
286.jpeg,1
452.jpeg,35
205.jpeg,24
628.jpeg,21
103.jpeg,32
955.jpeg,6
1332.jpeg,28
743.jpeg,39
182.jpeg,23
608.jpeg,29
277.jpeg,11
357.jpeg,42
885.jpeg,47
158.jpeg,35
373.jpeg,27
1307.jpeg,35
709.jpeg,14
298.jpeg,15
1064.jpeg,48
730.jpeg,8
1318.jpeg,35
1020.jpeg,27
1166.jpeg,10
1356.jpeg,40
0.jpeg,37
1155.jpeg,39
413.jpeg,14
501.jpeg,30
175.jpeg,25
26.jpeg,48
461.jpeg,26
127.jpeg,22
1380.jpeg,41
1388.jpeg,20
896.jpeg,0
1189.jpeg,28
96.jpeg,20
1496.jpeg,4
181.jpeg,45
599.jpeg,16
203.jpeg,20
914.jpeg,37
98.jpeg,33
609.jpeg,46
101.jpeg,48
220.jpeg,7
1037.jpeg,49
614.jpeg,22
165.jpeg,25
633.jpeg,39
1350.jpeg,33
56.jpeg,3
1382.jpeg,30
97.jpeg,24
550.jpeg,11
1148.jpeg,24
497.jpeg,18
180.jpeg,43
196.jpeg,12
765.jpeg,0
1178.jpeg,44
316.jpeg,6
1448.jpeg,33
749.jpeg,36
888.jpeg,23
1036.jpeg,12
1197.jpeg,47
1320.jpeg,39
122.jpeg,2
667.jpeg,11
334.jpeg,11
1177.jpeg,34
22.jpeg,33
1302.jpeg,48
408.jpeg,23
1309.jpeg,15
94.jpeg,44
1085.jpeg,36
1402.jpeg,26
491.jpeg,21
33.jpeg,47
113.jpeg,5
1253.jpeg,44
1426.jpeg,44
1336.jpeg,6
1103.jpeg,42
693.jpeg,29
341.jpeg,12
1035.jpeg,27
745.jpeg,23
370.jpeg,14
632.jpeg,1
641.jpeg,9
666.jpeg,1
856.jpeg,37
552.jpeg,12
496.jpeg,48
1240.jpeg,8
81.jpeg,39
855.jpeg,33
229.jpeg,20
395.jpeg,16
211.jpeg,30
1124.jpeg,22
1456.jpeg,22
510.jpeg,11
1181.jpeg,21
476.jpeg,43
1223.jpeg,0
236.jpeg,48
38.jpeg,42
1329.jpeg,45
108.jpeg,36
563.jpeg,34
325.jpeg,49
272.jpeg,15
1089.jpeg,16
281.jpeg,5
1227.jpeg,7
586.jpeg,32
580.jpeg,30
1438.jpeg,19
369.jpeg,39
822.jpeg,12
1209.jpeg,0
877.jpeg,1
775.jpeg,17
1048.jpeg,47
835.jpeg,37
1489.jpeg,13
438.jpeg,13
1368.jpeg,33
164.jpeg,29
1433.jpeg,34
1061.jpeg,5
183.jpeg,22
1017.jpeg,46
721.jpeg,11
375.jpeg,39
432.jpeg,44
366.jpeg,14
521.jpeg,2
1123.jpeg,7
1056.jpeg,13
217.jpeg,32
715.jpeg,10
684.jpeg,1
323.jpeg,44
901.jpeg,15
850.jpeg,25
789.jpeg,5
1294.jpeg,43
310.jpeg,17
909.jpeg,12
1322.jpeg,46
575.jpeg,1
942.jpeg,15
1392.jpeg,44
882.jpeg,8
1266.jpeg,40
1341.jpeg,5
1226.jpeg,15
527.jpeg,31
419.jpeg,12
951.jpeg,0
931.jpeg,8
1361.jpeg,2
1485.jpeg,39
1432.jpeg,20
735.jpeg,7
830.jpeg,13
1252.jpeg,29
640.jpeg,5
1346.jpeg,28
849.jpeg,48
708.jpeg,32
729.jpeg,15
1311.jpeg,24
697.jpeg,47
1261.jpeg,15
244.jpeg,12
763.jpeg,45
399.jpeg,33
1272.jpeg,48
78.jpeg,24
1170.jpeg,33
1359.jpeg,39
778.jpeg,35
188.jpeg,16
1416.jpeg,35
1078.jpeg,34
991.jpeg,23
1260.jpeg,37
657.jpeg,6
348.jpeg,36
319.jpeg,30
1270.jpeg,14
820.jpeg,21
458.jpeg,28
322.jpeg,32
321.jpeg,23
360.jpeg,32
589.jpeg,2
134.jpeg,20
517.jpeg,39
318.jpeg,4
480.jpeg,10
928.jpeg,5
1279.jpeg,17
242.jpeg,46
961.jpeg,15
44.jpeg,15
679.jpeg,33
689.jpeg,15
1049.jpeg,49
847.jpeg,32
661.jpeg,40
554.jpeg,2
826.jpeg,9
897.jpeg,36
1490.jpeg,28
104.jpeg,21
1083.jpeg,25
886.jpeg,36
1295.jpeg,26
1152.jpeg,11
582.jpeg,35
606.jpeg,1
1461.jpeg,25
475.jpeg,12
1113.jpeg,46
592.jpeg,33
923.jpeg,48
411.jpeg,45
807.jpeg,4
780.jpeg,23
1292.jpeg,5
117.jpeg,14
1258.jpeg,7
1038.jpeg,27
1434.jpeg,8
124.jpeg,36
571.jpeg,17
121.jpeg,15
509.jpeg,41
1157.jpeg,25
250.jpeg,37
232.jpeg,35
736.jpeg,1
946.jpeg,35
595.jpeg,25
903.jpeg,13
429.jpeg,19
474.jpeg,40
760.jpeg,26
345.jpeg,12
656.jpeg,3
1102.jpeg,40
692.jpeg,48
865.jpeg,33
868.jpeg,24
535.jpeg,10
825.jpeg,23
953.jpeg,7
467.jpeg,10
907.jpeg,45
808.jpeg,4
387.jpeg,47
664.jpeg,14
1483.jpeg,14
1405.jpeg,37
1427.jpeg,41
437.jpeg,1
1080.jpeg,40
558.jpeg,34
1355.jpeg,48
320.jpeg,5
714.jpeg,3
161.jpeg,45
53.jpeg,20
1263.jpeg,32
307.jpeg,13
1420.jpeg,3
427.jpeg,7
1246.jpeg,22
918.jpeg,48
576.jpeg,17
73.jpeg,40
1147.jpeg,39
917.jpeg,8
504.jpeg,5
719.jpeg,43
1264.jpeg,16
377.jpeg,32
1256.jpeg,47
248.jpeg,27
477.jpeg,46
1164.jpeg,20
1280.jpeg,32
401.jpeg,49
733.jpeg,17
964.jpeg,29
1093.jpeg,42
764.jpeg,44
140.jpeg,41
1492.jpeg,34
1457.jpeg,0
495.jpeg,39
324.jpeg,30
546.jpeg,41
1185.jpeg,22
894.jpeg,12
1207.jpeg,0
761.jpeg,22
112.jpeg,21
1415.jpeg,22
779.jpeg,6
409.jpeg,26
1333.jpeg,22
259.jpeg,11
921.jpeg,9
957.jpeg,29
682.jpeg,9
1208.jpeg,30
381.jpeg,32
261.jpeg,46
1314.jpeg,5
670.jpeg,33
162.jpeg,33
848.jpeg,6
1108.jpeg,0
1119.jpeg,29
190.jpeg,17
1430.jpeg,24
652.jpeg,9
75.jpeg,32
998.jpeg,15
119.jpeg,2
1464.jpeg,26
971.jpeg,9
126.jpeg,6
50.jpeg,45
464.jpeg,2
8.jpeg,44
1285.jpeg,39
624.jpeg,40
1274.jpeg,35
895.jpeg,24
569.jpeg,41
1011.jpeg,8
189.jpeg,21
526.jpeg,33
1495.jpeg,49
1172.jpeg,28
65.jpeg,42
301.jpeg,17
902.jpeg,24
531.jpeg,25
1109.jpeg,32
1406.jpeg,24
1435.jpeg,1
806.jpeg,8
723.jpeg,39
1323.jpeg,37
762.jpeg,32
1347.jpeg,42
378.jpeg,46
518.jpeg,2
132.jpeg,9
206.jpeg,40
876.jpeg,20
566.jpeg,3
43.jpeg,0
177.jpeg,6
1422.jpeg,41
257.jpeg,42
311.jpeg,41
746.jpeg,39
1062.jpeg,19
1.jpeg,23
798.jpeg,23
90.jpeg,10
553.jpeg,34
1179.jpeg,9
1236.jpeg,35
1477.jpeg,44
202.jpeg,47
330.jpeg,17
433.jpeg,6
750.jpeg,5
1120.jpeg,32
823.jpeg,32
758.jpeg,47
725.jpeg,44
1398.jpeg,45
1137.jpeg,40
754.jpeg,0
872.jpeg,9
707.jpeg,7
398.jpeg,19
1343.jpeg,26
336.jpeg,14
537.jpeg,41
804.jpeg,26
313.jpeg,36
783.jpeg,13
392.jpeg,6
1455.jpeg,24
1051.jpeg,1
816.jpeg,45
769.jpeg,16
788.jpeg,1
1193.jpeg,35
952.jpeg,40
555.jpeg,0
585.jpeg,47
529.jpeg,47
416.jpeg,23
1072.jpeg,10
91.jpeg,47
67.jpeg,48
782.jpeg,36
1259.jpeg,34
1079.jpeg,5
611.jpeg,26
1317.jpeg,14
978.jpeg,36
699.jpeg,14
1117.jpeg,32
908.jpeg,35
1291.jpeg,44
1158.jpeg,34
329.jpeg,24
1230.jpeg,30
1423.jpeg,49
178.jpeg,10
507.jpeg,22
638.jpeg,35
353.jpeg,16
86.jpeg,24
814.jpeg,16
1400.jpeg,13
698.jpeg,11
253.jpeg,31
767.jpeg,37
1186.jpeg,32
449.jpeg,4
151.jpeg,23
1009.jpeg,14
457.jpeg,17
1324.jpeg,0
1501.jpeg,2
1111.jpeg,16
1250.jpeg,42
718.jpeg,22
1066.jpeg,27
130.jpeg,13
483.jpeg,10
1463.jpeg,35
139.jpeg,15
179.jpeg,11
58.jpeg,1
1353.jpeg,21
687.jpeg,33
481.jpeg,7
747.jpeg,41
293.jpeg,30
389.jpeg,20
1100.jpeg,13
230.jpeg,2
1273.jpeg,37
999.jpeg,48
304.jpeg,26
275.jpeg,12
635.jpeg,8
1452.jpeg,10
843.jpeg,7
185.jpeg,17
423.jpeg,47
605.jpeg,8
84.jpeg,27
1173.jpeg,39
1221.jpeg,17
1465.jpeg,33
221.jpeg,21
42.jpeg,28
6.jpeg,0
994.jpeg,4
1386.jpeg,32
137.jpeg,30
844.jpeg,6
149.jpeg,41
37.jpeg,8
1192.jpeg,3
354.jpeg,46
176.jpeg,29
1484.jpeg,0
10.jpeg,33
969.jpeg,46
1033.jpeg,47
572.jpeg,25
407.jpeg,22
1023.jpeg,7
1397.jpeg,33
194.jpeg,47
1216.jpeg,40
950.jpeg,20
1025.jpeg,19
170.jpeg,44
683.jpeg,6
577.jpeg,29
193.jpeg,27
1131.jpeg,29
506.jpeg,49
766.jpeg,21
1436.jpeg,35
1288.jpeg,46
522.jpeg,46
618.jpeg,41
1001.jpeg,8
1482.jpeg,14
20.jpeg,48
941.jpeg,17
1153.jpeg,4
1366.jpeg,18
1076.jpeg,3
653.jpeg,5
617.jpeg,40
41.jpeg,32
1195.jpeg,48
1200.jpeg,44
1326.jpeg,34
265.jpeg,46
154.jpeg,35
1199.jpeg,14
630.jpeg,43
739.jpeg,8
76.jpeg,41
639.jpeg,4
791.jpeg,20
972.jpeg,11
905.jpeg,3
658.jpeg,45
262.jpeg,34
724.jpeg,10
59.jpeg,23
685.jpeg,15
802.jpeg,10
469.jpeg,3
352.jpeg,44
455.jpeg,32
303.jpeg,13
1468.jpeg,7
263.jpeg,3
1149.jpeg,0
1005.jpeg,8
148.jpeg,9
1421.jpeg,1
225.jpeg,0
485.jpeg,33
1384.jpeg,11
881.jpeg,29
1239.jpeg,36
524.jpeg,28
651.jpeg,29
1478.jpeg,23
1475.jpeg,48
456.jpeg,34
1060.jpeg,46
695.jpeg,32
1328.jpeg,37
417.jpeg,12
200.jpeg,13
612.jpeg,13
295.jpeg,29
1010.jpeg,4
57.jpeg,7
227.jpeg,7
447.jpeg,45
1411.jpeg,0
831.jpeg,20
1145.jpeg,3
562.jpeg,27
939.jpeg,24
332.jpeg,13
184.jpeg,29
1445.jpeg,48
470.jpeg,34
958.jpeg,8
853.jpeg,10
256.jpeg,41
944.jpeg,2
109.jpeg,13
858.jpeg,19
1099.jpeg,6
63.jpeg,27
494.jpeg,28
790.jpeg,32
466.jpeg,31
1154.jpeg,35
404.jpeg,24
49.jpeg,8
551.jpeg,10
619.jpeg,7
279.jpeg,4
556.jpeg,46
1396.jpeg,20
1276.jpeg,36
1251.jpeg,35
1126.jpeg,36
48.jpeg,8
1219.jpeg,3
245.jpeg,37
741.jpeg,9
796.jpeg,28
1403.jpeg,46
1281.jpeg,25
159.jpeg,30
1498.jpeg,35
403.jpeg,2
1290.jpeg,16
363.jpeg,3
1041.jpeg,27
93.jpeg,29
875.jpeg,1
542.jpeg,1
441.jpeg,41
995.jpeg,47
968.jpeg,14
891.jpeg,8
1194.jpeg,17
240.jpeg,23
960.jpeg,1
1245.jpeg,1
547.jpeg,21
241.jpeg,46
1440.jpeg,9
80.jpeg,39
1107.jpeg,21
382.jpeg,42
486.jpeg,8
454.jpeg,6
1301.jpeg,34
1325.jpeg,3
361.jpeg,9
1043.jpeg,16
654.jpeg,47
66.jpeg,35
1115.jpeg,11
861.jpeg,19
578.jpeg,0
74.jpeg,10
107.jpeg,30
82.jpeg,29
1006.jpeg,15
1287.jpeg,35
1008.jpeg,14
836.jpeg,9
195.jpeg,22
1121.jpeg,10
963.jpeg,17
1339.jpeg,13
2.jpeg,6
1255.jpeg,7
1389.jpeg,24
959.jpeg,10
663.jpeg,28
1125.jpeg,24
1065.jpeg,41
583.jpeg,42
777.jpeg,42
616.jpeg,36
120.jpeg,41
603.jpeg,22
1135.jpeg,6
1471.jpeg,3
396.jpeg,24
1337.jpeg,19
867.jpeg,48
1417.jpeg,45
23.jpeg,7
813.jpeg,26
919.jpeg,25
1218.jpeg,36
703.jpeg,11
226.jpeg,2
647.jpeg,16
368.jpeg,32
1242.jpeg,41
776.jpeg,11
1472.jpeg,17
857.jpeg,15
267.jpeg,0
415.jpeg,17
445.jpeg,29
669.jpeg,41
980.jpeg,7
331.jpeg,4
1225.jpeg,24
426.jpeg,6
625.jpeg,13
706.jpeg,38
911.jpeg,11
742.jpeg,8
712.jpeg,9
1454.jpeg,21
878.jpeg,29
1342.jpeg,36
300.jpeg,10
541.jpeg,17
223.jpeg,11
926.jpeg,16
1122.jpeg,23
1299.jpeg,25
722.jpeg,45
347.jpeg,9
1171.jpeg,9
309.jpeg,35
1442.jpeg,12
1460.jpeg,36
351.jpeg,25
600.jpeg,16
212.jpeg,13
984.jpeg,7
412.jpeg,49
910.jpeg,2
436.jpeg,14
371.jpeg,44
374.jpeg,2
472.jpeg,12
1379.jpeg,37
644.jpeg,35
597.jpeg,9
828.jpeg,18
247.jpeg,7
987.jpeg,30
965.jpeg,21
916.jpeg,30
793.jpeg,37
1331.jpeg,49
89.jpeg,45
54.jpeg,6
801.jpeg,17
1494.jpeg,17
913.jpeg,34
391.jpeg,45
222.jpeg,10
649.jpeg,32
405.jpeg,22
110.jpeg,19
924.jpeg,8
1277.jpeg,2
755.jpeg,34
1439.jpeg,2
771.jpeg,21
561.jpeg,37
704.jpeg,13
1231.jpeg,48
538.jpeg,32
705.jpeg,33
627.jpeg,19
1210.jpeg,44
686.jpeg,27
1169.jpeg,29
680.jpeg,26
255.jpeg,29
1257.jpeg,4
1365.jpeg,40
740.jpeg,5
1128.jpeg,10
150.jpeg,4
973.jpeg,21
1378.jpeg,1
1091.jpeg,48
27.jpeg,22
451.jpeg,29
821.jpeg,8
1304.jpeg,7
795.jpeg,26
543.jpeg,29
350.jpeg,15
473.jpeg,48
870.jpeg,34
95.jpeg,23
1282.jpeg,26
1140.jpeg,34
1224.jpeg,33
11.jpeg,9
394.jpeg,34
525.jpeg,11
574.jpeg,12
280.jpeg,13
1105.jpeg,46
598.jpeg,9
751.jpeg,7
1395.jpeg,6
962.jpeg,0
1077.jpeg,40
128.jpeg,37
1092.jpeg,44
1116.jpeg,8
1345.jpeg,14
493.jpeg,39
1450.jpeg,29
271.jpeg,24
642.jpeg,37
186.jpeg,44
726.jpeg,19
1313.jpeg,34
1369.jpeg,34
975.jpeg,47
4.jpeg,33
1349.jpeg,13
1431.jpeg,44
748.jpeg,14
1233.jpeg,4
534.jpeg,30
340.jpeg,39
591.jpeg,40
79.jpeg,28
77.jpeg,8
811.jpeg,14
45.jpeg,30
460.jpeg,9
1467.jpeg,9
1425.jpeg,29
1409.jpeg,20
889.jpeg,19
1408.jpeg,2
147.jpeg,19
31.jpeg,32
935.jpeg,6
1238.jpeg,47
1237.jpeg,1
440.jpeg,25
1174.jpeg,11
1487.jpeg,41
610.jpeg,28
838.jpeg,12
1151.jpeg,30
759.jpeg,27
238.jpeg,17
1249.jpeg,49
815.jpeg,19
431.jpeg,23
840.jpeg,47
1390.jpeg,48
116.jpeg,12
87.jpeg,16
24.jpeg,1
1335.jpeg,49
173.jpeg,34
1473.jpeg,12
142.jpeg,0
737.jpeg,22
1088.jpeg,26
990.jpeg,30
1500.jpeg,11
135.jpeg,27
967.jpeg,28
32.jpeg,5
1044.jpeg,26
784.jpeg,33
1488.jpeg,19
28.jpeg,17
947.jpeg,17
208.jpeg,29
1480.jpeg,41
1032.jpeg,44
430.jpeg,6
146.jpeg,28
367.jpeg,46
297.jpeg,41
1371.jpeg,28
945.jpeg,45
727.jpeg,21
906.jpeg,4
219.jpeg,43
346.jpeg,29
503.jpeg,22
1063.jpeg,8
400.jpeg,10
187.jpeg,21
1175.jpeg,12
1118.jpeg,3
228.jpeg,8
338.jpeg,6
1163.jpeg,42
1071.jpeg,34
665.jpeg,22
1018.jpeg,48
1183.jpeg,14
954.jpeg,7
273.jpeg,27
943.jpeg,30
873.jpeg,1
358.jpeg,42
68.jpeg,9
422.jpeg,35
930.jpeg,22
1497.jpeg,24
251.jpeg,10
305.jpeg,48
1399.jpeg,45
1358.jpeg,11
1377.jpeg,8
1296.jpeg,32
1142.jpeg,17
1479.jpeg,15
1176.jpeg,37
837.jpeg,13
1190.jpeg,47
787.jpeg,13
1271.jpeg,15
937.jpeg,2
1212.jpeg,9
446.jpeg,11
1437.jpeg,47
500.jpeg,44
1443.jpeg,41
915.jpeg,41
993.jpeg,48
621.jpeg,6
1268.jpeg,49
1058.jpeg,28
197.jpeg,12
992.jpeg,30
1247.jpeg,20
1248.jpeg,29
144.jpeg,10
900.jpeg,3
696.jpeg,40
1222.jpeg,24
516.jpeg,30
5.jpeg,11
1444.jpeg,7
1074.jpeg,29
1162.jpeg,40
482.jpeg,15
1205.jpeg,15
681.jpeg,43
492.jpeg,30
1159.jpeg,25
254.jpeg,3
46.jpeg,19
925.jpeg,34
662.jpeg,29
1286.jpeg,17
688.jpeg,8
1310.jpeg,32
136.jpeg,16
69.jpeg,44
512.jpeg,30
514.jpeg,32
418.jpeg,11
940.jpeg,22
344.jpeg,8
834.jpeg,35
716.jpeg,3
19.jpeg,30
643.jpeg,35
1014.jpeg,32
47.jpeg,43
424.jpeg,6
753.jpeg,30
874.jpeg,8
607.jpeg,35
1015.jpeg,23
428.jpeg,22
880.jpeg,18
1029.jpeg,27
744.jpeg,2
824.jpeg,22
559.jpeg,46
673.jpeg,47
83.jpeg,42
207.jpeg,29
1026.jpeg,26
471.jpeg,12
168.jpeg,36
690.jpeg,24
